sez,LST_2025,densita_viaria_km_kmq
1,42.24,0.0
4,42.49,7.569
5,42.01,72.073
6,42.45,24.104
7,42.66,37.112
8,42.88,1.688
9,43.02,0.506
10,42.91,99.636
11,42.89,30.606
12,42.78,73.852
13,42.77,29.057
14,42.79,32.289
15,42.81,77.051
16,42.79,107.022
17,43.07,70.467
18,42.83,34.627
19,42.99,67.742
20,42.75,37.175
21,43.13,56.131
22,43.04,40.005
23,42.26,57.408
24,42.33,51.555
25,42.65,57.893
26,42.76,15.808
27,42.7,42.545
28,42.99,40.41
29,42.53,46.333
30,42.16,53.01
31,42.09,54.495
32,42.23,65.655
33,42.42,54.959
34,42.93,30.967
35,43.04,0.0
36,42.55,11.989
37,42.13,21.565
38,42.32,20.968
39,41.98,32.256
40,41.73,50.167
41,41.96,63.125
42,41.95,3.252
43,42.06,13.327
44,42.37,60.215
45,42.82,25.985
46,42.94,113.173
47,43.07,19.057
48,42.52,44.102
49,42.82,34.005
50,42.79,3.166
51,43.24,13.656
52,43.42,0.0
53,42.86,14.37
54,42.99,17.915
55,43.04,9.924
56,43.05,9.957
57,42.65,34.282
58,42.47,20.62
59,42.2,37.579
60,41.77,10.84
61,42.31,82.296
62,42.46,37.603
63,43.02,14.883
64,42.7,6.915
65,42.87,76.03
66,42.85,34.307
67,42.8,7.359
68,42.93,2.133
69,42.4,4.813
70,41.77,0.0
71,41.15,54.375
72,42.1,14.879
73,42.75,4.677
74,42.57,43.173
75,42.9,24.579
76,42.99,77.415
77,42.85,42.839
78,42.62,21.133
79,43.13,68.529
80,43.14,3.279
81,42.71,28.956
82,43.16,16.268
83,43.32,0.0
84,42.93,29.225
85,42.51,61.914
86,42.39,8.699
87,42.63,30.899
88,42.7,27.131
89,41.87,11.438
90,40.95,14.41
91,41.86,18.054
92,43.45,2.108
93,43.43,32.107
94,43.11,44.725
95,42.82,0.0
96,42.52,17.472
97,42.57,95.361
98,42.27,6.971
99,41.99,54.853
100,41.75,0.0
101,42.81,7.778
102,39.85,15.963
103,40.69,11.664
104,41.32,33.045
105,40.93,0.0
106,41.58,6.447
107,40.34,29.282
108,39.98,38.659
109,40.39,67.206
110,41.14,14.78
111,41.76,46.386
112,42.06,20.376
113,41.95,49.885
114,42.16,50.871
115,42.12,64.365
116,42.37,59.882
117,42.14,35.822
118,42.63,60.91
120,42.49,101.782
121,42.16,13.549
122,42.22,104.126
123,42.29,35.232
124,42.29,56.316
125,42.11,70.569
126,42.1,40.979
127,41.15,21.302
128,41.63,24.361
129,42.26,21.045
130,42.31,0.0
131,42.26,5.998
132,41.73,11.721
133,39.83,0.419
134,43.15,24.218
135,42.74,33.017
136,42.33,26.308
137,42.88,25.672
138,42.62,27.414
139,42.43,38.213
140,42.46,36.05
141,42.26,2.728
142,42.62,14.595
143,42.48,23.322
144,42.53,36.982
145,42.16,42.846
146,42.14,25.781
147,42.24,26.504
148,42.19,21.869
149,42.69,33.59
150,42.51,40.028
151,42.25,56.553
152,42.44,58.098
153,42.02,15.588
154,41.88,0.0
155,42.01,0.0
156,41.92,40.289
157,41.54,74.253
158,41.65,55.733
159,41.8,39.198
160,41.74,27.378
161,41.7,3.9
162,41.74,0.0
163,41.6,3.62
164,42.04,45.646
165,41.93,54.914
166,41.84,63.509
167,41.76,39.008
168,41.7,32.346
169,41.55,54.376
170,,70.894
171,41.56,19.34
172,41.77,0.0
173,41.48,0.0
174,42.04,1.296
175,41.64,0.869
176,42.25,32.602
177,42.7,68.542
178,42.56,93.786
179,42.82,9.496
180,42.45,16.904
181,42.79,5.151
182,42.68,33.365
183,42.08,24.262
184,42.5,89.546
185,42.55,48.433
186,42.59,67.725
187,42.61,22.809
188,42.67,92.828
189,42.62,53.297
190,42.63,80.962
191,42.38,5.498
192,42.53,20.709
193,42.75,62.97
194,42.59,66.712
195,42.62,35.081
196,,64.86
197,42.6,95.478
198,42.76,34.377
199,42.69,17.404
200,42.63,50.226
201,42.59,44.484
202,42.73,3.934
203,42.54,26.106
204,42.4,31.824
205,42.0,31.45
206,42.56,114.99
207,42.76,57.938
208,42.59,63.727
209,42.22,57.809
210,41.99,21.053
211,42.51,118.917
212,42.6,41.362
213,42.3,82.242
214,42.21,19.081
215,42.4,20.727
216,42.39,38.513
217,42.6,13.867
218,42.68,22.476
219,42.59,37.288
220,42.66,30.726
221,42.58,35.166
222,42.39,29.426
223,42.4,39.452
224,42.7,18.084
225,42.72,30.371
226,42.87,46.393
227,42.84,44.196
228,42.72,0.0
229,42.78,11.051
230,42.93,27.561
231,43.4,34.656
232,44.0,24.478
233,43.13,18.538
234,43.53,2.343
235,43.03,45.932
236,43.95,22.544
237,44.5,58.177
239,44.16,6.522
240,42.54,16.833
241,37.42,10.401
242,39.69,0.0
243,40.78,11.496
244,41.9,0.0
246,42.72,15.419
247,42.69,28.345
248,42.24,38.634
249,42.74,11.836
250,42.59,39.769
251,42.31,16.363
252,42.99,56.674
253,42.9,44.681
254,42.74,20.805
255,43.23,61.112
256,42.73,44.125
257,42.21,46.788
258,42.07,22.363
259,41.85,26.708
260,41.33,31.09
261,41.82,24.607
262,41.84,21.041
263,41.48,40.723
264,42.1,42.383
265,42.14,22.94
266,41.64,20.361
267,41.76,11.999
268,42.63,38.166
269,42.87,35.81
270,43.05,95.638
271,42.41,52.997
272,41.98,13.567
273,41.86,36.177
274,41.63,64.123
275,,14.528
276,41.44,26.893
277,41.44,63.142
278,41.56,56.275
279,41.76,64.006
280,41.96,16.167
281,41.85,32.543
282,42.29,16.585
283,42.79,28.938
284,42.37,26.638
285,42.06,21.877
286,42.87,88.045
287,,104.298
288,42.37,31.278
289,41.8,17.204
290,41.84,28.616
291,41.47,29.115
292,41.6,68.054
293,41.64,103.378
294,42.04,79.635
295,42.2,84.642
296,41.8,79.37
297,43.13,40.324
298,43.11,23.48
299,43.26,68.361
300,42.87,46.602
301,42.38,13.257
302,41.81,34.684
303,41.93,29.473
304,41.68,13.436
305,41.8,30.426
306,42.11,35.088
307,42.31,15.967
308,41.74,12.607
309,41.94,3.9
310,42.18,50.382
311,,130.342
312,42.15,30.929
313,42.66,9.923
314,42.68,28.001
315,42.14,51.539
316,42.38,80.578
317,42.37,20.105
318,42.04,73.416
319,41.45,69.112
320,41.69,52.401
321,42.52,107.03
322,42.58,76.915
323,42.51,90.479
324,,67.5
325,,52.684
326,42.51,61.8
327,42.44,110.321
328,42.13,45.53
329,42.4,87.569
330,41.92,19.806
331,42.16,24.032
332,42.25,76.979
333,42.6,33.889
334,42.37,76.814
335,42.68,76.661
336,42.72,21.204
337,42.42,53.901
338,41.87,69.705
339,42.16,78.625
340,41.74,42.295
341,41.55,73.796
343,42.36,18.484
344,42.04,29.598
345,42.21,38.935
346,42.58,58.849
347,42.64,23.279
348,41.99,38.831
349,41.67,23.086
350,41.3,21.087
351,41.65,37.336
352,42.22,61.84
353,42.53,126.487
354,,90.602
355,,38.115
356,42.43,28.733
357,42.12,60.919
358,41.7,70.922
359,41.59,64.08
360,41.52,28.893
361,41.61,22.189
362,41.89,76.149
363,41.9,55.461
364,41.82,23.732
365,42.25,81.462
366,42.55,51.783
367,42.08,86.542
369,41.78,35.502
370,42.35,71.65
371,42.06,10.673
372,41.81,78.398
373,41.66,73.879
374,41.72,1.282
375,41.44,22.152
376,41.81,69.896
377,,65.569
378,41.51,80.415
379,41.78,68.536
380,41.72,16.721
381,41.6,62.629
382,41.88,16.351
384,42.7,0.453
385,42.13,45.358
386,41.5,45.105
387,41.6,24.704
388,41.39,11.544
389,41.56,27.852
390,41.91,41.424
391,42.86,59.917
392,42.48,36.392
393,42.32,65.451
394,41.87,19.452
395,42.31,24.793
396,42.27,34.988
397,42.13,13.429
398,42.23,99.556
399,42.0,36.37
400,42.39,33.093
401,42.4,17.43
402,42.43,32.475
403,42.53,69.774
404,42.55,45.787
405,43.16,69.008
406,43.46,33.606
407,43.16,56.16
408,42.81,44.13
409,,66.765
410,42.62,107.493
411,42.19,49.618
412,42.51,30.433
413,43.36,0.0
414,42.7,33.157
415,42.69,57.084
416,42.6,44.749
417,42.23,0.0
418,42.66,51.802
419,42.7,63.352
420,42.69,84.827
421,42.58,72.589
422,42.57,77.18
423,42.25,60.838
424,41.66,43.161
425,41.76,78.015
426,42.29,78.212
427,42.17,32.114
428,42.16,17.235
429,42.17,15.948
430,42.07,27.215
431,41.63,42.215
432,41.53,11.794
433,41.55,40.609
434,42.0,84.999
435,42.08,64.385
436,42.25,67.46
437,42.21,13.937
438,42.36,53.307
439,42.31,67.867
440,42.08,62.247
441,42.05,34.957
442,42.06,22.706
443,41.93,33.294
444,42.06,78.898
445,42.17,89.182
446,42.2,75.729
447,42.24,59.956
448,41.76,48.227
449,41.55,102.734
450,42.16,18.967
451,42.52,71.793
452,42.24,36.165
453,42.07,4.196
454,41.66,69.121
455,41.98,26.508
456,42.19,34.716
457,42.19,40.625
458,42.56,45.789
459,42.25,49.334
460,42.49,56.406
461,42.54,54.053
462,,73.466
463,42.69,32.118
464,42.59,22.591
465,42.39,21.309
466,41.95,86.309
467,42.29,42.978
468,41.99,75.052
469,42.36,52.712
470,42.06,0.224
471,42.1,21.337
472,41.71,31.371
473,41.7,10.854
474,41.42,37.035
475,41.44,26.53
476,41.66,46.329
477,41.37,54.374
478,41.7,55.095
479,41.89,49.566
480,41.89,75.177
481,41.95,57.257
482,41.5,59.324
483,41.68,70.309
484,41.78,15.009
485,41.98,25.389
486,41.99,15.004
487,41.92,34.909
488,41.89,66.252
489,41.86,75.696
490,41.91,73.594
491,41.86,43.447
492,42.13,28.936
493,41.9,27.05
494,41.78,34.716
495,41.62,46.249
496,41.41,27.935
497,42.08,47.428
498,42.52,56.401
499,42.49,31.12
500,42.47,28.417
501,42.44,44.414
502,42.42,21.432
503,42.39,71.357
504,42.34,68.033
506,41.85,40.826
507,42.48,39.258
508,42.57,100.917
509,42.45,91.623
510,42.75,25.827
511,42.64,78.09
512,42.17,55.974
513,42.2,37.413
514,41.41,12.513
515,41.96,0.0
516,41.13,21.779
517,,31.777
518,42.11,55.305
519,41.82,41.252
520,42.33,59.093
521,42.39,0.0
522,42.44,79.496
523,42.14,17.667
524,42.13,30.192
525,42.28,86.92
526,41.47,35.725
527,41.27,44.984
528,,21.261
529,42.06,17.033
530,41.86,37.484
531,41.58,4.736
532,41.99,109.735
533,,37.536
534,41.88,83.34
535,41.82,37.275
536,41.47,74.76
537,40.79,9.57
538,41.27,17.328
539,41.96,10.179
540,42.02,26.818
541,41.01,0.0
542,41.43,14.107
543,41.54,73.799
544,40.68,24.43
545,41.08,22.079
546,40.82,57.114
547,41.93,31.067
548,41.96,38.4
549,41.62,69.434
550,41.58,10.115
551,41.96,24.397
552,42.1,23.775
553,41.96,14.323
554,41.87,29.145
555,41.54,36.981
556,41.59,15.233
557,40.96,47.742
558,41.11,36.944
559,41.46,38.028
560,41.61,55.591
561,41.94,28.186
562,42.33,7.385
563,41.87,14.535
564,41.57,35.345
565,41.79,53.86
566,41.7,0.0
567,41.02,26.119
568,41.79,32.577
569,41.6,62.62
570,40.66,24.627
571,40.47,20.014
572,40.83,36.469
573,40.22,18.833
574,40.23,32.542
575,41.0,42.697
576,40.15,25.886
577,40.96,26.982
578,42.05,18.292
579,42.28,19.398
580,42.42,27.361
581,41.93,22.581
582,42.17,18.382
583,41.29,44.746
584,41.39,35.154
585,42.14,48.882
586,42.6,17.244
587,42.93,44.754
588,42.81,24.26
589,42.86,22.332
590,42.66,38.349
591,42.45,46.212
592,42.94,40.295
593,42.88,40.801
594,42.64,22.941
595,42.87,33.698
596,42.43,44.614
597,42.34,26.025
598,42.15,24.511
599,42.01,23.876
600,41.9,19.205
601,41.65,11.092
602,41.6,28.626
603,42.05,27.803
604,42.37,3.523
605,42.54,0.335
606,42.53,32.1
607,42.72,15.87
608,42.66,35.183
609,42.84,26.961
610,42.74,55.109
611,42.57,62.008
612,43.38,62.953
613,42.92,19.96
614,42.82,21.042
615,42.24,45.249
616,41.64,7.021
617,41.52,20.752
618,42.59,37.421
619,42.78,62.456
620,41.62,42.871
621,41.68,23.446
622,41.7,26.094
623,41.01,14.946
624,43.13,36.933
625,43.74,16.767
626,43.97,32.539
627,43.77,41.182
628,43.91,18.667
629,42.47,0.0
630,42.84,21.041
631,42.86,33.297
632,43.18,6.565
633,43.69,10.234
634,43.48,38.431
635,43.36,41.515
636,41.74,15.473
637,42.41,21.875
638,42.48,22.172
639,41.16,25.291
640,41.27,41.591
641,40.88,41.332
642,42.47,16.188
643,40.56,22.937
644,40.5,29.477
645,41.0,41.457
646,41.85,27.859
647,41.6,30.261
648,39.87,0.0
649,37.84,0.0
650,39.4,0.0
651,40.58,1.803
653,38.99,10.088
654,39.64,4.548
655,42.4,17.057
656,41.95,13.491
657,40.67,36.794
658,40.79,14.462
659,42.42,8.651
660,43.05,45.818
661,42.23,16.694
662,42.52,36.747
663,41.98,23.739
664,42.38,22.502
665,41.68,39.321
666,41.9,6.212
667,41.85,36.306
668,41.12,22.308
669,41.67,26.1
670,41.51,46.419
671,41.61,16.112
672,42.13,8.609
673,42.43,27.771
674,40.91,16.849
675,42.65,14.175
676,42.02,8.955
677,42.84,38.086
678,42.29,9.555
679,41.59,31.179
680,41.86,16.891
681,42.02,11.046
682,41.7,15.339
683,41.55,33.728
684,41.58,45.656
685,40.37,24.248
686,41.68,41.666
687,42.13,18.124
688,42.81,21.881
689,42.92,79.877
690,42.31,63.826
691,42.29,46.579
692,41.83,73.359
693,41.67,62.849
694,40.48,24.569
695,41.11,27.273
696,40.05,5.568
697,41.35,28.874
698,42.38,50.352
699,42.05,60.051
700,41.16,30.734
701,41.57,16.691
703,41.74,47.779
704,42.32,13.602
705,42.57,37.797
706,41.39,1.535
707,41.25,38.357
708,41.35,22.666
709,41.59,104.437
710,41.31,28.854
711,41.11,28.856
712,41.53,38.282
713,41.52,17.184
714,42.02,30.949
715,42.75,35.176
716,41.17,28.445
717,41.24,44.181
718,41.48,14.241
719,41.7,45.106
720,41.74,45.24
721,42.02,29.351
722,41.86,11.846
723,41.7,10.623
724,42.0,16.358
725,41.82,33.408
726,41.86,3.814
727,39.98,1.997
728,41.69,8.167
729,42.0,22.865
730,41.6,35.214
731,41.87,36.865
732,41.57,51.045
733,41.74,25.55
734,41.23,44.595
735,42.3,19.532
736,41.01,15.823
737,41.54,8.003
738,39.87,12.981
739,41.53,29.963
740,40.89,8.897
741,41.07,17.811
742,41.55,10.331
743,41.59,28.179
744,40.88,20.188
745,40.96,22.513
746,39.88,43.505
747,39.76,30.266
748,40.06,25.523
750,41.0,8.494
751,42.9,23.438
752,41.93,36.953
753,42.78,16.278
754,42.21,28.636
755,42.49,29.476
756,41.93,36.675
757,42.6,44.63
758,41.78,31.212
759,42.03,17.865
760,42.16,40.595
761,41.27,28.713
762,41.77,16.899
763,41.47,16.333
764,41.63,18.762
765,41.88,36.777
766,42.46,17.295
767,40.44,16.9
768,42.4,27.126
769,43.31,8.594
770,41.4,17.808
771,42.75,21.829
772,41.72,10.614
773,43.13,10.304
774,43.11,11.695
775,42.35,34.301
776,42.28,34.135
777,42.76,18.386
778,42.14,16.477
779,41.55,10.09
780,40.92,12.542
781,41.65,3.636
782,41.82,24.224
783,41.95,8.382
784,41.94,21.911
785,42.55,47.55
786,42.53,16.793
787,42.02,21.856
788,42.82,11.742
789,42.61,20.984
790,42.51,9.832
791,42.42,30.071
792,42.9,28.13
793,42.6,5.069
794,41.0,11.505
795,41.92,16.936
796,42.5,11.358
797,41.51,24.843
798,41.53,12.945
799,42.19,21.407
800,41.92,28.845
801,41.68,10.274
802,42.29,35.954
803,42.18,45.715
804,41.93,29.403
805,41.95,47.289
806,42.51,53.605
807,42.37,31.224
808,42.58,33.019
809,42.55,40.394
810,42.6,32.989
811,42.02,6.386
812,42.48,42.241
813,42.12,36.182
814,41.39,0.0
815,41.62,26.57
816,42.44,24.554
817,42.2,58.115
818,42.12,44.075
819,42.26,33.071
820,41.86,42.069
821,41.97,24.603
822,42.34,60.178
823,42.5,25.864
824,42.0,36.434
825,42.07,30.749
826,41.49,25.651
827,42.43,60.618
828,42.51,36.072
829,42.77,39.186
830,41.13,24.792
831,40.49,8.16
832,41.88,29.588
833,42.03,0.0
834,41.24,33.963
835,43.46,9.115
836,42.03,1.965
837,41.52,53.567
838,42.07,52.293
839,40.38,19.168
840,40.75,35.174
841,41.26,26.918
842,40.11,7.773
843,40.72,13.947
844,41.66,29.556
845,41.12,24.161
846,40.57,27.451
847,41.76,16.374
848,40.94,15.245
849,39.88,20.52
850,40.84,30.915
851,40.98,6.974
852,40.8,28.781
853,40.71,45.137
854,42.34,6.504
855,40.83,27.486
856,40.58,63.107
857,40.43,53.735
858,40.19,103.977
859,40.16,49.375
860,40.19,16.364
861,40.78,7.287
862,40.94,10.03
863,40.84,31.724
864,44.08,32.561
865,42.07,31.271
866,42.96,28.211
867,42.04,16.064
868,42.38,11.613
869,41.75,10.758
870,41.87,17.712
871,42.86,23.461
872,43.72,16.577
873,41.31,13.006
874,41.66,17.19
875,42.32,24.157
876,42.3,32.841
877,42.11,32.112
878,41.95,5.374
879,42.28,32.465
880,40.9,27.22
881,,45.288
882,40.98,2.986
883,42.12,18.922
884,41.21,20.615
885,42.37,55.884
886,42.45,56.954
887,42.48,66.406
888,42.48,37.242
889,42.65,41.566
890,42.63,42.15
891,42.61,66.053
892,42.5,44.862
893,42.13,28.832
894,42.31,8.852
895,40.42,4.51
896,38.38,0.98
897,39.81,10.125
898,42.07,1.27
899,42.19,23.458
900,42.39,30.746
901,41.66,14.629
902,41.82,2.137
903,42.91,52.412
904,42.31,7.028
905,41.37,38.221
906,43.37,18.562
907,42.6,12.557
908,42.93,26.648
909,42.48,18.278
910,41.96,34.853
911,42.35,28.194
912,42.77,32.928
913,42.83,32.225
914,42.29,20.496
915,43.03,23.04
916,42.71,63.338
917,42.56,55.977
918,42.07,34.806
919,41.88,18.37
920,41.66,37.778
921,42.3,31.813
922,41.7,41.548
923,42.89,27.574
924,42.68,29.375
925,42.03,25.409
926,42.9,31.969
927,42.91,43.179
928,43.05,48.392
929,43.05,39.451
930,43.15,46.969
931,42.95,30.962
932,42.93,18.27
933,42.46,28.614
934,42.77,30.552
935,41.58,23.694
936,42.73,11.22
937,42.5,27.116
938,42.31,40.407
939,42.14,5.03
940,42.41,64.095
941,,78.02
942,42.58,26.312
943,42.77,10.973
944,42.15,64.281
945,41.83,22.948
946,41.07,15.413
947,40.25,41.882
948,42.29,18.492
949,42.76,29.219
950,42.53,36.272
951,42.28,33.443
952,41.99,21.95
953,41.92,7.227
954,42.64,33.155
955,42.67,29.23
956,42.39,24.955
957,41.78,24.364
958,42.62,26.57
959,42.43,24.506
960,42.71,24.042
961,42.78,31.172
962,41.86,30.596
963,42.97,21.173
964,42.02,17.59
965,42.88,20.84
966,42.83,31.051
967,42.98,34.501
968,42.35,15.917
969,42.53,21.051
970,42.7,22.172
971,42.07,26.889
972,41.26,17.88
973,40.58,12.995
974,41.96,15.869
975,41.16,18.605
976,39.84,15.048
977,40.7,28.442
978,40.76,29.344
979,40.36,29.153
980,41.5,23.095
981,41.7,11.698
982,41.59,32.62
984,42.56,29.296
985,42.62,51.733
986,42.57,27.208
987,42.57,38.215
988,42.5,32.842
989,42.76,29.25
990,42.05,26.266
991,41.91,20.75
992,42.74,41.653
993,43.78,5.74
994,43.3,28.002
995,43.82,30.431
996,43.07,50.205
997,43.18,12.487
998,42.97,29.106
999,40.97,30.667
1000,41.76,30.175
1001,42.23,20.244
1002,41.67,14.743
1003,41.96,19.906
1004,42.46,28.757
1005,42.08,15.739
1006,41.57,21.543
1007,42.05,38.17
1008,42.22,16.287
1009,42.12,44.837
1010,42.7,29.798
1011,41.85,24.454
1012,41.7,20.003
1013,42.19,17.59
1014,42.79,32.455
1015,43.98,17.771
1016,42.09,17.305
1017,42.93,38.003
1018,43.1,9.743
1019,42.04,11.522
1020,43.1,24.579
1021,43.58,19.964
1022,41.78,20.911
1024,41.86,30.07
1025,42.2,27.538
1026,41.59,56.396
1027,41.48,23.34
1028,41.57,28.537
1029,42.43,17.676
1030,42.68,11.61
1031,42.85,25.325
1032,43.37,37.364
1033,42.8,47.506
1034,41.87,15.695
1035,41.71,18.093
1036,41.78,12.204
1037,40.84,18.259
1038,41.22,6.911
1039,41.0,36.213
1040,41.22,22.594
1041,41.76,9.197
1042,41.54,18.14
1043,41.03,3.408
1044,40.15,18.693
1045,42.39,12.945
1046,41.66,45.512
1047,41.56,31.775
1048,42.26,17.368
1049,41.54,14.023
1050,42.83,115.687
1051,41.99,17.975
1052,41.95,40.147
1053,41.77,18.449
1054,41.44,50.101
1055,41.29,10.459
1056,41.99,22.856
1057,41.48,31.011
1058,42.04,21.943
1059,41.08,29.641
1060,41.7,15.575
1061,41.4,4.349
1062,42.21,20.922
1063,42.67,46.339
1064,42.3,34.169
1065,41.25,17.515
1066,40.86,23.999
1067,42.13,34.046
1068,42.18,42.972
1069,41.29,13.347
1070,41.75,20.552
1071,42.1,19.301
1072,42.06,7.155
1073,42.12,24.077
1074,42.46,17.56
1075,41.26,21.151
1076,42.09,14.032
1077,42.06,45.896
1078,42.17,52.679
1079,42.72,25.45
1080,42.41,44.99
1081,42.12,53.101
1082,41.31,34.12
1083,41.17,30.325
1084,41.55,28.253
1085,40.62,45.293
1086,40.37,19.893
1087,39.98,19.386
1088,40.46,39.852
1089,41.63,41.035
1090,41.78,9.525
1091,41.51,24.285
1092,41.4,30.75
1093,41.64,1.929
1094,42.84,4.052
1095,41.57,10.632
1096,38.79,4.343
1097,40.26,25.559
1098,41.62,36.291
1099,42.08,23.55
1100,42.64,23.471
1101,41.19,12.844
1102,41.76,20.443
1103,42.47,33.447
1104,42.11,39.674
1105,41.76,41.338
1106,42.38,31.388
1107,41.58,23.114
1108,42.08,20.926
1109,42.14,36.535
1110,42.16,23.067
1111,41.29,11.172
1112,41.85,46.072
1113,41.41,33.093
1114,41.8,19.526
1115,41.37,37.204
1116,41.38,14.859
1117,41.49,19.869
1118,41.15,29.007
1119,41.53,23.116
1120,41.65,19.832
1121,41.6,29.164
1122,41.52,12.035
1123,41.78,31.965
1124,41.06,21.426
1125,41.13,24.07
1126,40.97,15.883
1127,43.08,25.026
1128,42.29,17.679
1129,43.2,57.083
1130,43.32,49.993
1131,43.54,23.525
1132,43.48,25.726
1133,42.71,17.772
1134,43.63,22.376
1135,43.5,31.566
1136,43.29,44.729
1137,43.02,35.612
1138,43.41,45.527
1139,43.25,41.622
1140,43.19,28.254
1141,43.05,18.591
1142,43.23,20.172
1143,42.43,43.972
1144,42.83,57.085
1145,42.83,48.096
1146,42.71,36.032
1147,42.61,67.258
1148,42.0,13.41
1149,42.21,28.935
1150,41.86,46.727
1151,41.85,22.798
1152,41.39,31.84
1153,42.64,46.116
1154,41.82,15.526
1155,40.78,16.304
1156,41.25,53.494
1157,41.2,20.91
1158,41.29,17.567
1159,41.98,11.032
1160,42.37,20.035
1161,42.54,35.796
1162,41.63,37.33
1163,41.47,56.658
1164,41.46,24.613
1165,42.4,5.26
1166,41.33,21.818
1167,42.92,3.71
1168,41.12,29.173
1169,41.01,14.462
1170,41.25,20.585
1171,42.06,52.213
1172,41.44,34.868
1173,41.67,34.72
1174,42.36,8.654
1175,42.3,28.188
1176,41.97,13.701
1177,41.85,11.016
1178,42.18,22.581
1179,42.23,32.188
1180,42.06,9.29
1181,41.82,27.846
1182,41.67,26.813
1183,42.01,7.645
1184,41.41,17.089
1185,40.84,7.343
1186,40.12,19.963
1187,41.79,19.246
1188,41.33,37.639
1189,40.72,9.931
1190,40.76,11.86
1191,40.3,25.788
1192,40.84,26.852
1193,40.55,10.398
1194,41.55,16.201
1195,41.06,0.154
1196,41.58,13.428
1197,41.57,9.398
1198,40.32,14.938
1199,40.69,18.911
1200,42.83,12.386
1201,43.15,26.427
1202,41.82,23.587
1203,40.93,26.957
1204,41.4,12.567
1205,42.85,17.286
1206,40.41,19.351
1207,41.75,12.979
1208,42.44,20.861
1209,42.43,9.332
1210,42.32,14.396
1211,42.21,33.078
1212,41.89,7.909
1213,41.86,15.505
1214,41.84,34.259
1215,41.65,20.795
1216,41.59,22.372
1217,41.18,75.88
1218,41.89,63.504
1219,41.75,11.129
1220,41.8,29.103
1221,41.75,12.239
1222,42.0,41.865
1223,41.82,17.13
1224,41.88,34.318
1225,42.46,8.651
1226,42.37,16.648
1227,42.33,21.75
1228,42.15,23.219
1229,41.64,6.582
1230,41.53,0.283
1231,42.69,27.719
1232,41.19,14.732
1233,41.43,26.079
1234,41.25,19.364
1235,40.82,27.522
1236,40.67,39.862
1237,40.9,16.526
1238,41.71,27.829
1239,41.6,33.603
1240,41.02,18.089
1241,40.5,18.246
1242,40.63,21.162
1243,41.28,29.395
1244,41.27,34.136
1245,41.1,19.694
1246,41.44,51.893
1247,42.16,21.244
1248,40.73,0.0
1249,39.33,2.421
1250,39.54,9.706
1251,41.1,13.964
1252,41.09,5.809
1253,42.59,17.965
1254,42.87,14.635
1255,43.33,19.676
1256,40.92,20.321
1257,41.13,30.402
1258,40.94,24.469
1259,39.36,5.639
1260,39.52,19.66
1261,40.8,17.406
1262,40.98,14.42
1263,40.91,11.349
1264,40.81,23.491
1265,40.61,11.513
1266,40.3,13.115
1267,41.16,12.984
1268,41.23,13.461
1269,41.01,24.003
1270,41.05,31.672
1271,41.22,33.107
1272,41.26,24.941
1273,41.37,15.655
1274,41.64,32.869
1275,41.74,20.463
1276,41.7,23.138
1277,41.35,36.2
1278,41.29,20.653
1279,41.29,50.07
1280,41.34,41.785
1281,40.95,32.749
1282,40.31,22.738
1283,40.79,52.119
1284,40.59,24.121
1285,40.94,23.265
1286,41.74,39.757
1287,41.86,38.91
1288,41.93,40.77
1289,40.97,31.814
1290,41.55,38.401
1291,40.8,44.313
1292,40.42,27.079
1293,40.6,35.486
1294,40.6,21.541
1295,40.6,36.068
1296,41.17,38.954
1297,40.42,47.549
1298,41.17,49.622
1299,42.03,17.791
1300,42.91,37.499
1301,43.49,36.41
1302,43.27,26.485
1303,42.94,24.805
1304,43.0,22.94
1305,41.45,26.378
1306,41.65,8.628
1307,42.64,17.204
1308,43.94,13.054
1309,42.55,20.417
1310,41.64,13.273
1311,40.39,42.813
1312,41.48,0.432
1313,41.04,7.541
1314,40.43,21.966
1315,40.98,47.365
1316,41.02,13.305
1317,41.05,17.49
1318,40.78,20.175
1319,41.15,17.346
1320,41.08,17.184
1321,41.35,87.313
1322,41.63,12.596
1323,41.81,21.89
1324,41.67,77.289
1325,41.31,16.151
1326,41.51,42.806
1327,41.54,19.953
1328,41.65,10.989
1329,41.74,69.637
1330,40.83,29.451
1331,41.6,12.544
1332,41.35,28.351
1333,41.09,39.232
1334,41.45,29.61
1335,41.21,27.289
1336,41.32,28.029
1337,41.82,43.532
1338,41.83,11.723
1339,41.69,26.591
1340,41.87,35.159
1341,41.74,12.263
1342,40.99,20.389
1343,41.22,20.73
1344,41.52,26.817
1345,41.04,33.974
1346,40.71,33.352
1347,41.16,26.643
1348,40.71,31.392
1349,41.08,31.771
1350,41.08,29.187
1351,41.76,20.764
1352,41.13,33.755
1353,41.35,29.433
1354,41.14,35.147
1355,40.73,23.57
1356,41.04,31.501
1357,40.84,27.127
1358,40.3,39.203
1359,40.09,30.908
1360,40.46,53.221
1361,40.82,29.543
1362,41.15,43.459
1363,41.56,26.395
1364,42.17,15.55
1365,42.02,30.681
1366,42.07,12.322
1367,41.54,22.551
1368,40.84,19.965
1369,41.58,25.607
1370,40.96,0.0
1371,41.02,9.614
1372,41.28,16.852
1373,41.91,21.153
1374,41.79,6.764
1375,42.49,62.747
1376,42.34,31.648
1377,40.73,0.0
1378,39.53,24.982
1379,39.85,29.784
1380,39.44,36.485
1381,40.28,26.933
1382,40.03,21.545
1383,39.01,13.893
1384,39.3,10.369
1385,40.3,6.962
1386,40.29,41.863
1387,40.88,26.117
1388,40.61,23.47
1389,41.06,22.038
1390,41.36,30.513
1391,41.91,15.814
1392,41.17,41.264
1393,41.87,19.187
1394,41.59,7.914
1395,41.47,12.657
1396,41.83,28.073
1397,42.06,29.682
1398,42.75,26.054
1399,41.79,20.89
1400,42.13,19.079
1401,41.94,20.758
1402,42.68,28.801
1403,42.36,29.575
1404,43.12,27.215
1405,42.75,25.34
1406,42.34,37.063
1407,42.01,30.07
1408,42.38,20.433
1409,41.65,24.749
1410,41.48,32.901
1411,41.15,23.575
1412,41.15,0.0
1413,40.42,21.334
1414,40.89,25.223
1415,40.78,29.668
1416,40.49,10.333
1417,41.36,19.654
1418,39.81,20.994
1419,40.77,8.631
1420,39.74,20.535
1421,39.78,25.805
1422,40.53,5.321
1423,39.79,16.462
1424,40.03,16.329
1425,40.18,29.78
1426,40.73,22.679
1427,40.04,8.143
1428,40.05,21.87
1429,40.0,25.035
1430,40.64,35.486
1431,40.59,6.863
1432,39.29,28.699
1433,39.35,35.365
1434,40.05,30.209
1435,40.6,26.858
1436,39.79,32.708
1437,41.22,5.058
1438,40.85,23.989
1439,40.95,21.004
1440,41.39,51.48
1441,40.99,14.105
1442,41.86,50.837
1443,40.58,18.942
1444,40.61,20.384
1445,40.79,18.046
1446,41.07,36.667
1447,40.99,34.29
1448,40.86,13.212
1449,42.06,20.28
1450,41.44,14.411
1451,41.03,0.0
1452,42.92,29.012
1453,41.66,6.224
1454,41.88,11.503
1455,42.23,29.746
1456,41.73,32.708
1457,41.55,20.155
1458,41.58,18.931
1459,41.66,5.663
1460,42.3,0.0
1461,42.21,0.0
1462,41.62,0.0
1463,41.32,0.0
1464,42.4,5.763
1465,41.74,10.698
1466,43.07,0.78
1467,42.51,47.755
1468,42.39,42.847
1469,41.87,42.053
1470,41.72,51.559
1471,41.09,44.167
1472,41.42,27.916
1473,41.4,31.737
1474,41.72,12.152
1475,40.98,16.273
1476,41.3,22.054
1477,41.23,40.666
1478,41.74,39.335
1479,41.68,32.305
1480,41.15,26.836
1481,41.58,24.107
1482,41.49,23.342
1483,41.87,32.486
1484,41.45,59.243
1485,41.78,29.351
1486,41.3,41.06
1487,40.74,32.124
1488,40.58,29.453
1489,41.08,16.379
1490,41.42,0.0
1491,42.14,17.72
1492,42.52,6.702
1493,41.56,43.167
1494,41.42,37.485
1495,41.1,35.2
1496,41.68,49.083
1497,41.88,52.104
1498,42.08,53.62
1499,42.16,14.125
1500,42.52,35.445
1501,43.23,10.679
1502,42.72,30.145
1503,42.79,35.348
1504,43.3,21.885
1505,43.24,24.575
1506,42.54,53.565
1507,42.75,26.147
1508,42.35,46.493
1509,43.17,32.585
1510,43.36,58.354
1511,43.44,65.405
1512,43.49,61.797
1513,43.48,0.0
1514,43.57,7.15
1515,43.53,59.011
1516,43.6,38.248
1517,,54.473
1518,43.65,22.843
1519,43.65,12.509
1520,43.57,24.776
1521,43.48,24.717
1522,43.6,13.583
1523,43.51,11.782
1524,43.19,11.483
1525,43.41,68.999
1526,42.79,46.417
1527,42.32,25.072
1528,42.25,45.407
1529,42.05,29.966
1530,42.22,10.487
1531,42.39,27.847
1532,41.97,34.989
1533,42.47,5.96
1534,42.5,34.127
1535,42.76,41.734
1536,42.69,87.934
1537,42.69,35.274
1538,42.69,37.012
1539,42.95,27.896
1540,42.78,29.571
1541,42.24,8.673
1542,42.33,31.545
1543,41.9,36.932
1544,41.78,22.637
1545,42.71,18.394
1546,42.48,38.487
1547,42.02,34.392
1548,41.79,20.944
1549,41.54,34.195
1550,41.54,12.791
1551,42.09,16.082
1552,42.26,32.404
1553,42.37,0.0
1554,42.37,34.528
1555,42.48,28.04
1556,42.33,16.088
1557,42.48,34.323
1558,42.55,15.368
1559,42.54,23.162
1560,42.8,32.816
1561,43.21,45.568
1562,42.52,21.011
1563,42.35,16.153
1564,42.5,42.414
1565,42.5,19.669
1566,42.95,26.465
1567,42.41,31.935
1568,42.67,26.614
1569,42.1,34.892
1570,41.85,37.703
1571,41.75,32.212
1572,41.85,35.246
1573,42.66,8.915
1574,42.54,40.125
1575,42.19,4.24
1576,42.39,21.367
1577,43.2,27.005
1578,43.26,42.766
1579,43.41,45.784
1580,42.79,22.259
1581,41.95,23.648
1582,41.73,21.733
1583,41.82,15.172
1584,42.16,12.98
1585,,0.0
1586,44.21,52.155
1587,43.73,22.734
1588,43.15,28.958
1589,44.34,56.078
1590,44.1,66.248
1591,43.14,18.47
1592,43.7,11.727
1593,44.09,24.909
1594,,85.931
1595,44.28,32.334
1596,43.73,31.609
1597,43.64,0.0
1598,,0.0
1599,43.23,42.752
1600,42.97,25.207
1601,43.38,25.874
1602,,0.0
1603,,21.788
1604,43.18,14.787
1605,43.45,39.411
1606,43.4,54.969
1607,42.88,98.513
1608,43.57,86.135
1609,43.59,47.79
1610,43.61,63.308
1611,43.7,61.516
1612,43.57,27.663
1613,43.55,19.94
1614,42.97,0.0
1615,42.45,0.602
1616,42.73,29.85
1617,43.39,22.328
1618,43.28,10.024
1620,41.95,37.72
1621,41.88,0.67
1622,41.78,52.614
1623,41.66,0.0
1624,41.49,7.93
1625,41.66,18.487
1626,42.17,22.085
1627,41.37,24.891
1628,41.33,10.551
1629,42.65,0.0
1630,42.21,7.736
1631,41.57,0.295
1632,41.44,16.069
1633,42.73,0.0
1634,42.1,28.002
1635,42.6,17.925
1636,41.7,31.77
1637,41.68,45.613
1638,41.84,46.724
1639,41.69,13.239
1640,42.03,36.183
1641,42.14,40.815
1642,41.9,23.736
1643,42.49,29.581
1644,42.04,14.985
1645,41.45,28.946
1646,41.19,27.266
1647,40.88,19.648
1648,41.07,30.259
1649,41.02,18.88
1650,40.98,30.385
1651,41.0,29.157
1652,41.25,29.147
1653,41.52,29.695
1654,41.59,38.975
1655,40.78,26.687
1656,40.73,30.244
1657,41.34,43.324
1658,40.69,41.562
1659,41.8,44.619
1660,41.35,47.471
1661,41.43,29.831
1662,41.09,41.796
1663,41.08,14.577
1664,41.29,37.571
1665,42.23,41.939
1666,42.13,33.5
1667,42.2,9.915
1668,42.16,52.254
1669,41.49,33.75
1670,39.98,7.627
1671,41.65,15.306
1672,41.23,34.729
1673,41.32,32.941
1674,41.67,8.439
1676,40.51,40.257
1677,40.54,29.31
1678,40.55,5.878
1679,40.72,24.278
1680,41.04,36.727
1681,41.84,32.303
1682,43.09,27.577
1683,42.79,26.664
1684,41.2,19.466
1685,43.59,17.743
1686,41.68,29.993
1687,42.22,20.965
1688,41.73,40.224
1689,42.7,26.671
1690,41.74,21.29
1691,42.46,17.752
1692,42.51,47.213
1693,41.58,23.331
1694,42.22,10.686
1695,42.13,50.717
1696,42.22,42.277
1697,42.31,22.151
1698,41.69,16.789
1699,40.67,24.989
1700,41.15,30.664
1701,40.91,56.232
1702,40.94,51.805
1703,41.0,22.511
1704,40.84,33.482
1705,41.02,40.109
1706,40.86,26.447
1707,41.23,68.093
1708,41.33,40.111
1709,41.34,54.873
1710,41.41,39.478
1711,41.22,44.852
1712,41.15,51.873
1713,41.38,33.898
1714,41.34,17.134
1715,41.35,24.976
1716,41.43,39.652
1717,41.96,37.34
1718,41.55,24.244
1719,41.73,32.948
1720,41.14,38.121
1721,41.13,36.061
1722,41.34,62.781
1723,41.77,20.924
1724,41.55,8.995
1725,41.15,8.414
1726,40.49,34.167
1727,40.97,37.148
1728,41.07,32.688
1729,41.63,0.0
1730,42.51,14.076
1731,42.55,33.842
1732,42.45,34.561
1733,41.49,37.628
1734,41.77,20.403
1735,42.33,50.834
1736,41.91,26.129
1737,42.7,43.231
1738,41.85,47.516
1739,41.74,57.589
1740,41.97,16.512
1741,41.93,21.886
1742,41.56,26.183
1743,41.54,46.609
1744,41.94,32.933
1745,42.4,0.0
1746,41.02,20.751
1747,41.2,61.534
1748,41.5,18.045
1749,41.32,25.638
1750,41.65,36.06
1751,42.48,20.728
1752,41.23,16.557
1753,40.23,43.714
1754,41.38,54.031
1755,41.34,18.498
1756,41.9,49.447
1757,41.7,34.065
1758,42.56,25.661
1759,42.67,36.382
1760,42.85,39.032
1762,42.46,11.126
1763,41.05,30.567
1764,42.73,26.224
1765,42.83,31.173
1766,42.71,11.441
1767,42.43,20.897
1768,42.03,24.732
1769,42.12,18.545
1770,41.76,33.444
1771,41.7,36.111
1772,41.87,15.478
1773,42.2,46.682
1774,41.78,19.5
1775,41.86,33.463
1776,41.79,43.243
1777,42.17,64.296
1778,42.8,9.669
1779,41.59,21.852
1780,41.79,19.244
1781,42.24,49.197
1783,44.08,63.025
1784,44.19,16.307
1785,42.97,6.231
1786,42.49,14.827
1787,43.39,27.967
1788,39.55,1.234
1789,40.56,28.354
1790,40.53,12.874
1791,42.57,3.053
1792,41.8,14.37
1793,43.23,18.313
1794,39.17,4.308
1795,41.16,7.99
1796,41.42,19.345
1797,41.69,49.588
1798,41.51,29.942
1799,41.72,28.204
1800,41.6,26.816
1801,42.27,27.152
1802,41.97,23.817
1803,41.03,15.641
1804,41.86,9.649
1805,40.83,31.599
1806,41.48,15.419
1807,41.19,46.21
1808,41.79,17.66
1809,41.64,50.571
1810,39.94,2.311
1811,42.53,20.903
1812,41.69,19.287
1813,41.48,17.197
1814,42.23,41.738
1815,43.15,20.168
1816,42.73,13.353
1817,42.96,27.37
1818,42.47,6.661
1819,41.89,7.467
1820,41.61,39.249
1821,41.64,22.924
1822,41.74,8.534
1823,41.81,12.8
1824,41.41,18.615
1825,41.63,19.881
1826,41.97,17.19
1827,41.94,12.946
1828,42.34,20.314
1829,41.34,12.836
1830,40.91,24.765
1831,40.8,50.086
1832,41.02,2.688
1833,41.65,14.722
1834,40.92,0.0
1835,41.13,7.983
1836,41.63,31.927
1837,40.06,0.0
1838,41.07,11.204
1839,41.01,16.702
1840,41.4,2.596
1841,41.83,22.806
1842,40.9,20.359
1843,40.89,11.22
1844,41.41,33.989
1845,42.18,12.404
1846,41.42,0.0
1847,41.41,25.974
1848,41.11,8.921
1849,40.92,11.057
1850,41.79,25.5
1851,41.39,18.081
1852,40.72,14.522
1853,41.87,14.53
1854,41.66,20.611
1855,40.93,10.552
1856,40.62,4.415
1857,41.88,15.072
1858,42.72,49.118
1859,42.48,6.718
1860,42.04,11.334
1861,41.78,9.454
1862,38.29,1.526
1863,42.04,7.111
1864,42.21,27.072
1865,42.75,11.26
1866,42.58,8.945
1867,42.07,17.645
1868,42.04,13.976
1869,42.29,8.8
1870,42.7,9.463
1871,42.81,47.69
1872,42.88,26.678
1873,42.33,12.726
1874,42.36,34.854
1875,43.5,47.757
1876,43.74,51.905
1877,42.95,23.867
1878,43.74,30.902
1879,43.17,12.778
1880,43.01,32.951
1881,42.42,11.36
1882,42.49,18.897
1883,42.11,6.986
1884,37.89,1.522
1885,42.08,16.955
1886,42.52,14.206
1887,42.28,17.108
1888,41.24,14.948
1890,41.67,10.3
1891,42.16,13.096
1892,41.48,25.533
1893,42.38,19.835
1894,41.35,12.127
1895,41.39,7.244
1896,42.24,11.901
1897,39.71,1.688
1899,41.86,9.496
1901,40.49,13.726
1902,41.16,11.381
1903,41.74,17.551
1904,41.11,14.498
1905,41.36,4.859
1906,39.99,1.588
1907,41.18,1.589
1910,40.73,16.441
1911,41.48,9.03
1912,41.66,22.173
1913,42.15,24.012
1914,41.63,4.13
1915,42.07,6.45
1916,42.11,0.032
1917,41.85,19.206
1918,41.29,3.98
1919,42.57,16.018
1921,41.94,18.786
1922,41.21,11.076
1925,42.46,0.0
1926,43.32,16.633
1928,42.46,6.985
1929,43.13,9.981
1930,43.41,10.268
1931,45.55,7.659
1932,44.52,23.318
1933,42.6,9.289
1934,43.12,13.101
1935,43.52,26.777
1936,46.73,14.677
1937,43.2,18.222
1938,43.66,12.514
1939,42.97,8.798
1940,42.81,18.291
1941,44.48,16.342
1942,42.9,0.0
1943,42.37,0.0
1944,42.27,26.188
1945,42.68,12.037
1946,42.76,38.525
1947,41.78,14.92
1948,42.53,24.625
1949,43.1,0.0
1950,42.95,3.242
1951,42.4,32.896
1952,42.68,37.726
1953,42.4,21.14
1954,42.45,31.282
1955,44.91,37.993
1956,42.62,3.913
1957,42.29,12.804
1958,41.94,40.853
1959,42.28,34.468
1960,42.11,48.835
1961,42.08,39.03
1962,42.24,39.549
1963,42.29,20.906
1964,42.37,26.254
1965,42.86,49.949
1966,42.53,34.284
1967,43.2,35.352
1968,43.66,33.467
1969,41.45,5.208
1970,41.6,50.427
1971,41.61,27.71
1972,41.69,19.985
1973,41.61,0.0
1974,41.41,39.801
1975,41.36,32.49
1976,41.17,33.408
1977,41.39,42.559
1978,41.46,30.54
1979,40.6,13.261
1980,41.18,9.962
1981,40.83,9.449
1982,41.66,9.504
1987,40.77,6.522
1988,38.98,0.0
1989,40.29,6.224
1991,41.67,21.241
1992,42.05,9.909
1993,42.47,10.928
1994,42.26,17.977
1995,42.99,10.015
1996,42.39,10.64
2001,41.58,9.751
2002,42.6,7.795
2003,43.77,10.221
2004,42.46,15.189
2005,42.98,13.561
2006,43.22,37.003
2007,42.18,19.777
2008,43.47,0.0
2009,43.88,10.681
2011,42.34,11.393
2012,41.14,17.742
2013,42.03,14.692
2014,40.43,17.776
2015,38.38,7.212
2017,40.2,7.241
2018,39.03,9.949
2019,39.27,7.859
2020,40.37,8.324
2021,39.76,14.036
2022,40.16,11.349
2023,40.69,12.619
2024,40.49,10.529
2025,38.44,15.335
2026,38.68,7.513
2027,41.19,12.434
2028,41.13,10.948
2029,42.29,13.076
2030,41.54,19.233
2031,41.81,16.497
2032,42.5,32.965
2033,42.17,15.655
2034,41.66,7.851
2035,42.31,0.0
2036,41.44,26.451
2037,42.12,12.997
2038,41.53,29.374
2039,42.13,15.962
2040,42.52,34.115
2041,42.46,8.356
2042,42.02,17.878
2043,41.89,35.03
2044,42.54,13.601
2045,42.2,15.468
2046,40.98,14.374
2047,40.06,1.701
2048,40.69,29.991
2049,40.39,16.734
2050,41.14,19.07
2051,42.05,12.196
2053,41.9,27.131
2054,41.25,17.473
2055,41.01,11.738
2056,40.33,10.129
2058,38.93,16.192
2059,40.42,8.265
2060,38.84,10.103
2061,39.81,10.859
2062,38.56,17.115
2063,40.98,5.287
2064,41.23,8.762
2065,40.42,9.338
2066,41.41,5.551
2067,41.37,9.704
2068,41.41,4.168
2069,41.76,6.514
2070,41.34,12.753
2071,41.04,6.836
2072,41.09,8.227
2073,41.52,6.468
2074,41.95,25.033
2075,40.94,21.496
2076,40.33,28.024
2077,40.2,42.683
2078,39.56,53.49
2079,39.94,25.612
2080,41.05,38.551
2081,41.28,31.398
2082,40.4,32.777
2083,41.31,14.623
2084,40.68,26.647
2085,40.63,15.033
2086,40.73,60.24
2087,41.23,29.405
2088,41.66,13.169
2089,41.98,15.071
2090,42.13,29.2
2091,41.61,24.399
2092,41.85,16.837
2093,42.86,23.578
2094,42.19,16.442
2095,41.89,21.934
2096,41.29,12.806
2097,41.7,23.964
2098,40.64,8.009
2099,40.39,13.788
2100,40.74,6.324
2101,41.54,10.265
2102,41.52,30.261
2103,41.64,11.702
2104,41.93,19.305
2105,42.09,13.502
2106,39.98,20.835
2108,42.3,17.593
2109,41.88,14.687
2110,41.26,25.994
2111,40.16,32.815
2112,40.1,7.24
2113,42.35,13.819
2114,43.45,15.338
2115,42.35,11.145
2116,41.61,26.522
2117,41.23,13.913
2118,43.87,20.323
2119,40.96,9.383
2120,41.34,11.417
2121,43.26,22.454
2122,43.4,21.034
2123,42.4,13.638
2124,42.85,22.31
2125,42.5,32.647
2126,42.76,20.017
2127,43.47,2.589
2128,44.45,22.8
2129,44.33,24.607
2130,43.4,21.097
2131,44.06,12.375
2132,40.52,0.577
2133,41.63,5.808
2134,41.99,12.125
2136,39.86,26.377
2137,41.19,31.001
2138,41.42,14.658
2139,40.04,15.43
2140,40.43,15.237
2141,43.16,7.444
2142,42.88,18.905
2143,42.0,7.743
2144,41.39,19.11
2145,42.38,28.202
2146,42.93,34.438
2147,42.5,13.21
2148,42.08,3.181
2149,42.69,1.004
2150,43.04,14.666
2151,41.09,5.694
2152,40.01,10.587
2153,41.05,22.194
2154,41.86,17.771
2155,40.49,29.363
2156,40.65,0.0
2157,41.05,5.469
2158,40.01,16.843
2159,42.43,16.824
2160,41.18,12.175
2161,41.55,18.339
2162,42.53,7.44
2163,40.74,10.926
2164,41.98,12.818
2165,41.29,22.403
2166,41.02,20.176
2167,41.69,12.497
2168,41.61,23.455
2169,42.52,24.1
2170,40.81,5.525
2171,41.55,26.027
2172,41.86,35.831
2173,41.85,31.441
2174,42.53,32.12
2175,41.99,27.077
2176,42.3,6.286
2177,43.65,73.553
2178,43.08,18.686
2179,41.8,25.402
2180,43.31,19.603
2181,40.41,11.788
2182,41.45,9.424
2183,41.51,5.272
2184,40.69,10.605
2185,40.28,6.874
2186,41.65,11.933
2187,42.65,12.006
2188,41.47,15.203
2189,41.23,9.552
2190,41.92,9.796
2191,41.37,17.536
2192,40.5,6.577
2193,40.9,2.602
2194,40.71,13.836
2195,40.87,25.836
2196,41.32,6.83
2197,42.11,21.845
2198,41.83,15.533
2199,42.7,3.333
2200,42.43,15.485
2201,43.12,14.527
2202,42.18,20.731
2203,42.29,18.398
2204,43.12,28.019
2205,43.16,14.666
2206,42.16,35.579
2207,43.1,19.926
2208,42.45,8.856
2209,42.49,0.0
2211,42.67,16.18
2212,43.42,37.538
2213,43.22,25.658
2214,43.53,16.006
2215,43.43,26.36
2216,43.3,19.842
2217,43.66,13.575
2218,42.58,36.662
2219,43.77,7.237
2220,43.18,20.015
2221,42.38,9.778
2222,41.7,6.543
2223,41.48,14.156
2224,42.63,28.476
2225,42.12,9.091
2226,40.88,10.38
2227,42.03,12.347
2228,43.09,14.343
2229,41.78,7.36
2230,42.47,28.344
2231,41.42,3.21
2232,42.2,13.079
2233,43.03,3.761
2234,42.51,28.161
2235,42.99,8.436
2236,41.76,0.0
2237,42.28,8.86
2239,42.43,7.93
2240,42.32,13.977
2241,42.83,13.974
2242,42.93,19.313
2243,41.64,13.189
2244,39.16,11.412
2247,41.76,10.49
2248,41.86,26.393
2249,41.0,25.09
2250,41.23,21.11
2251,41.26,21.612
2252,42.26,27.046
2253,40.63,46.493
2254,39.51,36.811
2255,40.13,21.899
2256,41.08,32.967
2257,40.56,16.118
2258,41.9,16.595
2259,41.54,23.998
2260,41.03,20.815
2261,40.16,18.094
2262,40.01,19.294
2263,40.18,21.128
2264,41.42,10.344
2265,40.36,13.162
2266,39.6,21.541
2267,39.87,36.946
2268,40.68,28.114
2269,40.35,12.185
2270,40.21,17.151
2271,40.15,9.561
2272,41.16,26.619
2273,40.56,12.094
2274,40.49,20.81
2275,40.53,21.319
2276,41.08,36.418
2277,40.82,13.669
2278,41.42,32.234
2279,40.53,20.934
2280,40.37,23.573
2281,41.47,26.552
2283,43.75,10.812
2284,40.85,19.467
2285,41.71,34.797
2286,41.77,4.952
2287,41.73,5.951
2288,42.94,32.016
2289,41.28,9.331
2290,42.6,23.757
2291,41.41,18.348
2292,41.73,17.944
2293,42.47,25.345
2294,42.55,12.691
2295,42.16,36.23
2296,42.44,37.276
2297,42.4,25.625
2298,42.14,25.239
2299,42.0,43.102
2300,41.94,21.998
2301,42.66,18.022
2302,42.85,34.476
2303,42.2,17.82
2304,42.55,21.508
2305,41.93,42.793
2306,43.0,19.245
2307,42.32,32.868
2308,42.38,13.319
2309,41.52,21.044
2310,41.57,15.264
2311,42.26,17.585
2312,41.36,17.371
2313,42.07,36.804
2314,42.79,8.836
2315,43.7,22.059
2316,42.59,21.841
2317,42.21,12.93
2318,42.92,0.273
2319,42.34,23.466
2320,42.38,12.155
2321,42.72,10.417
2322,45.15,20.744
2323,41.32,12.448
2324,42.41,23.011
2325,41.54,19.344
2326,40.63,12.893
2327,38.85,9.885
2328,40.6,14.951
2329,39.64,9.016
2330,39.42,9.04
2331,41.4,5.744
2332,41.51,4.896
2333,41.0,11.985
2334,41.01,25.158
2335,38.74,17.881
2336,40.87,14.633
2337,41.92,17.371
2338,41.19,42.321
2339,40.85,24.931
2341,39.84,10.729
2342,38.77,11.739
2343,38.56,24.04
2344,39.04,29.188
2345,39.82,43.498
2346,39.71,21.539
2347,40.01,31.695
2348,38.9,13.544
2349,40.18,12.436
2350,40.07,20.764
2351,37.52,14.447
2352,39.72,14.375
2353,39.3,25.177
2354,39.05,13.915
2355,40.23,8.07
2356,41.45,49.05
2357,40.27,13.215
2358,40.68,22.972
2359,41.1,36.094
2360,38.82,0.4
2361,38.35,16.359
2362,38.88,16.319
2363,38.69,15.706
2364,37.95,34.563
2365,38.36,14.691
2366,38.02,19.515
2367,39.02,5.233
2368,40.3,17.065
2369,39.02,21.208
2370,39.7,25.816
2371,37.94,9.04
2372,37.3,23.066
2373,35.92,16.456
2374,36.49,29.295
2375,35.68,13.199
2376,38.28,11.507
2377,41.19,11.415
2378,42.2,17.839
2379,40.73,12.444
2380,42.02,8.063
2381,43.2,20.957
2382,41.97,17.277
2383,43.57,22.969
2384,43.86,20.386
2385,43.32,37.681
2386,42.69,22.658
2387,42.19,15.611
2388,41.98,20.743
2389,42.28,19.592
2390,41.54,11.716
2391,41.37,23.555
2392,41.04,31.304
2393,41.53,29.287
2394,42.61,17.027
2395,42.3,42.806
2396,42.23,20.43
2397,41.44,20.125
2398,42.21,11.328
2399,42.51,18.52
2400,43.15,29.752
2401,43.25,16.235
2402,43.21,26.046
2404,41.56,12.822
2405,41.6,13.801
2406,40.09,16.882
2407,38.57,22.403
2409,41.02,3.535
2410,41.81,30.326
2411,42.71,17.705
2412,42.62,25.076
2413,43.6,15.185
2414,41.87,23.598
2415,41.07,26.464
2416,41.04,35.138
2417,41.58,22.72
2418,42.03,21.831
2419,41.34,11.263
2420,45.14,10.281
2421,42.68,28.644
2422,42.23,23.487
2423,41.77,30.108
2424,43.2,17.444
2425,38.56,14.932
2426,42.96,36.814
2427,42.63,33.892
2428,41.65,32.074
2429,42.41,19.604
2430,43.07,29.39
2431,42.81,28.313
2432,42.97,38.352
2433,42.86,30.589
2434,42.81,31.489
2435,40.84,14.567
2436,42.96,32.4
2437,41.93,35.274
2438,42.65,9.729
2439,42.9,28.729
2440,42.88,28.26
2441,41.81,23.149
2442,41.56,21.706
2443,41.99,19.564
2444,42.84,17.92
2445,40.71,19.808
2446,40.0,14.319
2447,41.22,21.878
2448,41.82,12.579
2449,41.35,16.5
2450,41.94,18.538
2451,41.45,25.199
2452,41.54,24.327
2453,41.42,36.337
2454,40.79,10.408
2455,41.26,13.811
2456,41.8,11.755
2457,41.64,15.567
2458,44.07,12.757
2459,43.16,5.542
2460,41.44,3.773
2461,41.09,13.233
2462,37.14,14.593
2463,41.28,21.417
2464,41.21,24.914
2465,40.18,9.022
2467,42.08,11.267
2468,40.08,16.015
2469,40.17,26.715
2481,39.75,5.332
2482,38.87,15.384
2483,37.76,3.615
2493,38.14,9.116
2496,43.94,28.525
2498,39.59,15.553
2500,38.47,9.724
2501,42.21,1.004
2502,41.69,3.85
2503,42.87,12.905
2504,40.72,9.255
2506,40.76,5.703
2507,39.99,8.253
2508,41.64,3.092
2509,43.56,2.654
2510,39.96,15.883
2512,40.2,14.734
2515,38.5,16.581
2518,42.94,23.235
2519,43.01,25.56
2522,40.79,6.117
2524,41.76,10.129
2525,40.76,6.012
2526,43.02,6.311
2527,41.98,26.315
2531,40.99,13.492
2535,42.18,6.476
2536,42.18,5.946
2539,42.81,37.749
2540,41.17,21.361
2543,39.85,11.5
2544,43.82,12.558
2546,41.99,30.23
2549,40.59,13.093
2552,39.33,18.558
2553,41.01,12.083
2554,39.5,17.319
2555,41.76,16.84
2559,39.81,4.51
2560,39.12,38.435
2561,38.74,17.525
2562,37.93,14.077
2566,43.44,37.881
2567,41.73,30.484
2568,43.5,6.824
2571,44.16,47.342
2572,41.51,33.311
2573,40.22,21.736
2576,40.06,34.66
2577,37.91,9.334
2582,39.12,2.638
2584,41.75,12.856
2585,40.36,0.0
2588,43.41,25.425
2591,42.14,4.004
2597,42.28,43.364
2598,41.32,17.863
2599,42.68,29.575
2600,40.22,21.581
2601,41.5,7.924
2602,41.43,6.239
2604,41.82,33.278
2607,41.91,6.517
2608,42.07,52.201
2609,41.09,38.853
2610,40.99,0.0
2611,41.32,0.0
2612,41.94,12.464
2613,41.71,17.226
2614,41.32,31.983
2618,41.7,21.386
2619,42.05,17.682
2626,42.5,33.761
2627,39.54,7.223
2628,41.46,9.255
2629,41.68,21.393
2630,42.48,43.448
2631,40.8,13.781
2632,41.69,25.245
2633,41.66,21.808
2634,41.42,24.899
2636,41.57,21.981
2637,40.07,5.458
2638,41.61,21.396
2639,41.29,11.26
2640,40.54,39.631
2641,39.02,11.379
2642,40.39,7.727
2643,41.7,2.755
2644,41.78,6.104
2645,43.17,15.505
2646,39.77,21.135
2647,39.61,12.26
2648,42.5,25.375
2649,40.63,3.065
2650,41.62,8.045
2652,40.16,8.098
2653,42.81,14.185
2654,43.49,3.225
2655,42.0,10.71
2656,42.13,21.159
2657,40.32,12.768
2658,42.56,8.535
2659,42.68,5.368
2660,42.55,8.287
2661,41.64,17.554
2662,39.22,9.928
2663,40.96,31.892
2664,39.92,13.511
2665,41.53,17.183
2666,42.51,26.127
2667,41.56,12.052
2668,41.63,5.864
2669,39.13,9.346
2670,42.47,0.0
2671,42.16,8.755
2673,42.3,12.124
2674,43.18,6.609
2675,41.91,11.254
2676,42.07,8.102
2677,42.21,1.258
2678,43.32,30.303
2679,38.83,12.816
2680,42.77,12.113
2681,42.11,20.931
2682,41.64,32.843
2683,40.16,42.624
2684,42.24,13.865
2685,40.63,27.052
2686,40.72,31.721
2687,40.81,1.401
2689,41.06,25.725
2690,41.8,8.643
2691,43.09,31.702
2692,42.65,15.134
2693,43.95,25.794
2694,41.92,23.189
2695,42.58,33.243
2696,41.16,17.916
2697,41.58,13.142
2698,39.32,9.401
2699,41.78,26.721
2700,39.87,22.954
2701,42.74,13.053
2702,38.03,16.641
2703,41.02,26.991
2704,40.73,25.654
2705,40.65,26.893
2706,41.02,43.121
2707,40.23,10.218
2708,40.21,23.484
2709,40.9,25.674
2710,40.5,15.089
2711,39.0,31.59
2712,38.54,21.891
2713,37.68,11.629
2714,36.72,18.575
2715,39.57,14.438
2716,41.57,16.381
2717,40.74,10.408
2718,37.52,27.266
2719,39.7,26.25
2720,39.17,16.176
2721,40.04,43.139
2722,39.34,16.262
2723,38.75,0.0
2724,39.22,18.789
2725,39.19,23.885
2726,39.37,9.668
2727,38.57,11.471
2728,37.95,12.639
2729,40.42,20.38
2730,41.71,28.33
2731,38.59,14.764
2732,39.86,11.748
2733,39.91,12.986
2734,41.23,11.035
2735,39.28,20.756
2736,39.09,11.311
2737,39.06,15.159
2738,39.53,19.18
2739,40.22,15.947
2740,39.22,37.99
2741,38.7,19.441
2742,36.25,1.366
2743,38.45,23.653
2744,38.28,10.196
2745,38.12,20.98
2746,38.41,27.976
2747,38.13,14.848
2748,37.57,14.515
2749,38.21,12.081
2750,39.4,37.458
2751,38.1,21.039
2752,38.19,0.0
2753,38.32,21.429
2754,39.04,23.489
2755,37.82,10.062
2756,39.18,16.287
2757,39.27,19.503
2758,38.41,15.959
2759,38.19,24.716
2760,39.12,17.696
2761,39.16,4.218
2762,40.08,5.173
2763,38.86,16.371
2764,38.55,14.345
2765,39.91,18.473
2766,38.65,16.916
2767,39.57,25.321
2768,38.87,17.244
2769,38.08,17.678
2770,38.38,34.487
2771,39.16,14.528
2772,39.29,14.838
2773,37.74,20.626
2774,37.09,21.438
2775,37.3,24.448
2776,36.92,15.872
2777,35.73,12.037
2778,37.53,12.691
2779,38.3,20.191
2780,37.35,10.118
2781,32.84,0.628
2782,37.01,3.553
2783,35.47,26.506
2785,34.3,14.769
2786,34.22,16.494
2787,37.43,10.288
2788,39.08,6.271
2789,37.71,14.795
2790,38.1,18.87
2791,37.99,19.65
2792,37.68,10.062
2793,39.18,11.472
2794,38.63,7.693
2795,39.72,8.444
2796,38.56,11.135
2797,39.72,14.007
2798,38.34,6.814
2799,42.08,19.447
2800,42.21,19.821
2801,44.21,21.575
2802,43.55,34.096
2803,42.74,24.831
2804,41.82,27.051
2805,43.15,26.784
2806,43.16,5.134
2807,41.61,25.975
2808,41.51,38.281
2809,40.45,7.3
2810,42.75,8.055
2811,41.77,0.0
2813,42.64,28.941
2814,41.7,27.839
2815,42.68,4.338
2816,41.44,24.523
2817,42.61,29.092
2818,42.33,28.55
2819,42.17,14.574
2820,41.85,44.247
2821,41.98,36.794
2822,38.28,17.073
2823,41.94,5.978
2824,43.75,1.533
2825,43.0,30.006
2826,41.9,14.79
2827,40.05,13.431
2828,39.51,5.594
2829,39.65,26.484
2830,39.18,24.033
2831,39.39,11.519
2832,38.89,2.857
2833,40.05,11.814
2834,41.24,12.119
2835,38.13,6.229
2836,37.37,19.37
2837,37.41,12.68
2838,41.27,25.063
2840,42.9,26.172
2841,42.95,24.053
2842,41.13,18.105
2843,42.69,26.604
2845,42.98,30.868
2846,42.81,29.992
2847,43.03,23.472
2848,42.4,36.917
2849,42.3,35.964
2850,42.23,34.352
2851,42.4,26.02
2853,43.35,37.895
2854,39.61,13.31
2857,36.07,15.439
2858,41.53,8.303
2859,40.93,9.142
2860,41.15,19.788
2861,41.1,9.302
2862,42.28,14.875
2863,43.03,13.686
2864,42.58,8.641
2865,38.86,7.211
2866,40.8,16.665
2867,38.85,23.919
2868,40.68,18.971
2869,40.56,7.23
2870,42.03,32.262
2872,39.84,6.776
2873,39.67,8.64
2874,38.51,2.601
2875,40.31,15.42
2877,40.44,11.181
2878,40.96,9.629
2879,39.91,12.743
2880,42.54,17.349
2881,39.16,8.924
2882,43.29,31.512
2883,41.74,28.608
2884,39.3,2.05
2886,43.12,21.662
2888,45.04,17.811
2891,40.15,11.749
2892,41.0,27.374
2893,40.11,22.058
2894,42.33,28.116
2895,43.27,34.147
2897,41.42,25.951
2898,39.71,20.201
2899,40.72,26.577
2901,41.27,30.278
2903,41.81,27.924
2904,39.57,8.903
2905,41.99,0.147
2906,38.89,0.182
2907,35.61,0.891
2908,37.9,0.424
2909,36.93,0.268
2910,37.77,0.364
2911,41.75,1.558
2912,39.09,3.283
2913,39.37,0.0
2914,35.8,1.073
2915,35.87,0.917
2916,36.52,1.491
2918,37.98,3.678
2919,35.58,2.007
2920,40.04,0.636
2921,37.57,2.778
2922,38.93,2.787
2923,39.03,0.755
2924,37.69,0.33
2926,40.61,3.517
2927,35.53,2.151
2928,38.85,3.612
2932,41.64,0.0
3000,40.8,12.964
3001,41.35,8.724
3002,39.68,0.333
3003,39.99,5.818
3004,40.88,1.451
3005,43.35,19.265
3006,39.1,6.251
3007,42.87,34.148
3009,38.55,9.175
3010,39.38,9.618
3011,36.65,15.23
3012,36.5,10.497
3013,40.43,0.0
3014,38.15,22.513
3015,41.27,4.31
3016,41.62,0.034
3017,41.76,18.721
3018,41.09,8.531
3019,40.24,0.061
3020,39.55,0.0
3021,40.94,16.389
3023,38.92,12.908
3024,40.09,10.576
3025,36.55,3.761
3026,38.28,0.0
3027,39.13,8.711
3028,38.65,7.043
3030,39.25,14.398
3031,36.9,10.386
3032,38.3,11.682
3033,37.96,9.058
3034,39.8,15.708
3035,39.08,0.0
3036,38.03,2.844
3037,39.77,14.857
3038,39.39,8.125
3039,41.38,13.629
3040,40.79,0.0
3041,41.07,7.37
3042,42.64,7.215
3043,42.98,0.013
3045,40.73,24.965
3046,36.79,4.95
3047,34.4,3.461
3048,39.6,0.388
3049,40.69,6.001
3050,43.84,16.998
3051,42.93,16.391
3052,41.39,3.262
3053,41.13,9.457
3054,39.45,10.432
3055,38.3,0.0
3056,38.03,1.781
3057,40.71,17.879
3058,38.33,4.661
3059,38.24,4.134
3060,33.88,1.075
3061,39.62,11.334
3062,38.22,9.342
3063,40.19,14.045
3064,38.34,1.791
3065,40.31,25.24
3067,38.03,0.44
3070,34.98,0.0
3071,38.34,0.0
3072,38.6,11.901
3073,37.41,14.814
3074,33.17,9.701
3075,33.28,3.311
3076,35.33,10.458
3077,39.55,34.583
3078,38.39,12.853
3079,37.34,39.432
3080,38.2,17.193
3081,39.62,14.949
3082,40.74,0.0
3083,34.09,13.099
3084,39.96,4.781
3085,45.58,4.881
3086,39.8,123.577
3087,39.55,0.0
3088,40.58,9.603
3089,40.27,0.0
3090,39.79,9.28
3091,39.91,105.082
3092,36.45,19.382
3093,43.25,7.999
3094,40.18,1.447
3095,37.53,33.564
3096,37.18,1.529
3097,38.16,19.33
3098,41.38,2.668
3099,40.68,7.396
3100,36.17,15.152
3101,40.58,6.612
3102,40.91,18.503
3103,39.12,13.714
3104,40.86,27.514
3105,42.3,32.421
3106,42.25,45.596
3107,41.4,0.0
3108,41.11,138.957
3109,40.06,7.6
3110,41.01,14.03
3111,37.33,7.01
3112,42.03,5.309
3113,43.11,3.066
3114,41.87,0.0
3115,40.32,7.774
3116,38.57,5.188
3117,42.09,21.796
3118,43.0,25.741
3119,41.27,13.283
3120,41.62,6.903
3121,41.72,22.012
3122,43.29,44.727
3123,41.48,74.664
3124,38.18,0.0
3125,39.9,7.631
3126,39.61,0.0
3127,39.85,8.105
3128,40.2,19.708
3129,39.7,4.12
3130,39.84,13.936
3131,40.26,13.584
3132,41.01,15.84
3133,41.07,9.503
3134,44.94,15.367
3135,41.7,2.102
3136,45.11,2.571
3137,41.41,3.644
3138,41.76,4.406
3139,41.45,3.199
3140,42.56,20.331
3141,42.79,5.943
3142,41.72,0.0
3143,39.71,7.074
3144,42.24,10.108
3145,39.65,1.679
3146,41.39,4.783
3147,41.38,4.368
3148,42.88,26.355
3149,40.74,16.856
3150,41.93,0.0
3151,40.85,7.179
3152,40.99,8.006
3153,41.35,2.32
3154,41.5,4.629
3155,41.76,11.789
3156,41.25,10.256
3157,43.7,10.133
3158,42.61,30.833
3159,40.73,17.465
3160,42.58,10.811
3161,42.31,14.314
3162,42.49,18.058
3163,42.73,0.999
3164,43.98,12.362
3165,40.27,26.749
3166,42.24,10.486
3167,42.05,7.656
3168,40.63,6.567
3169,42.7,24.445
3170,42.38,13.271
3171,44.34,11.606
3172,42.58,8.674
3173,42.38,9.788
3174,41.84,23.658
3175,43.86,23.434
3176,43.06,0.0
3177,41.99,19.311
3178,43.45,19.214
3179,41.93,1.363
3180,41.09,3.007
3181,40.98,4.399
3182,42.44,0.738
3183,41.29,51.351
3184,42.36,0.0
3185,42.3,79.924
3186,40.73,6.336
3187,41.1,11.226
3188,43.35,0.0
3189,44.0,9.582
3190,41.22,10.531
3191,44.14,24.23
3192,42.01,8.937
3193,42.01,29.954
3194,42.22,20.557
3195,42.53,14.792
3196,40.78,17.94
3197,42.76,0.246
3198,38.43,4.529
3199,43.87,7.781
3200,44.39,6.149
3201,41.42,0.0
3202,42.98,14.994
3203,43.24,16.168
3204,41.81,9.572
3205,42.38,15.645
3206,38.7,5.481
3207,44.19,28.585
3208,41.74,1.233
3209,41.78,19.074
3210,40.93,34.149
3211,41.57,32.567
3212,43.34,9.912
3213,42.0,18.413
3214,42.12,18.5
3215,39.7,8.119
3216,41.14,0.037
3217,41.72,1.008
3218,42.23,52.075
3219,42.72,37.345
3220,39.25,5.429
3221,42.38,12.804
3222,42.5,0.0
3223,38.34,1.406
3224,38.68,0.0
3225,41.18,20.534
3226,43.26,13.372
3227,40.87,15.267
3228,41.01,35.836
3229,43.5,29.067
3230,41.76,3.592
3231,41.07,15.463
3232,40.35,8.878
3233,41.5,14.37
3234,41.97,20.452
3235,42.74,7.933
3236,43.26,4.972
3237,43.24,0.0
3238,39.4,0.0
3239,41.59,10.148
3240,42.39,16.249
3241,43.05,11.023
3242,41.97,85.097
3243,42.44,7.981
3244,40.33,0.583
3245,42.07,19.228
3246,41.98,6.713
3247,42.83,6.404
3248,41.67,0.0
3249,41.71,4.666
3250,39.98,7.527
3251,42.53,0.0
3252,42.09,70.168
3253,39.79,2.85
3254,41.32,0.0
3255,41.04,13.757
3256,43.83,2.344
3257,41.82,4.528
3258,40.99,43.411
3259,41.72,37.502
3260,41.78,13.694
3261,41.77,0.0
3262,41.98,0.0
3263,43.29,17.107
3264,40.77,27.289
3265,44.11,0.0
3266,42.96,17.983
3267,42.82,29.572
3268,42.14,12.46
3269,41.48,5.704
3270,43.0,13.312
3271,42.29,29.131
3272,43.78,23.895
3273,42.71,33.516
3274,41.74,0.0
3275,44.08,39.4
3276,41.01,19.544
3277,43.34,13.685
3278,41.6,0.0
3279,42.59,14.834
3280,43.73,102.315
3281,43.08,13.783
3282,44.1,3.56
3283,43.16,40.185
3284,41.15,30.533
3285,42.24,0.0
3286,43.88,12.834
3287,42.46,0.0
3288,41.27,25.149
3289,43.08,1.584
3290,41.4,97.885
3291,43.19,0.0
3292,43.5,12.474
3293,41.02,0.0
3294,43.55,29.487
3295,41.34,22.217
3296,42.2,10.246
3297,43.27,40.773
3298,43.63,1.427
3299,43.03,7.484
3300,42.43,26.77
3301,41.91,0.498
3302,42.89,24.179
3303,42.72,59.904
3304,42.18,47.449
3305,44.45,0.0
3306,42.55,6.037
3307,43.17,18.737
3308,41.34,0.0
3309,41.81,9.29
3310,43.29,29.178
3311,41.35,4.58
3312,44.87,0.0
3313,42.81,1.501
3314,44.95,50.576
3315,43.13,0.0
3316,42.42,0.0
3317,43.06,1.851
3318,41.66,18.011
3321,42.33,16.114
3322,42.76,82.133
3323,42.07,105.689
3324,41.9,16.008
3325,42.29,1.815
3326,39.62,0.415
3327,42.15,6.321
3328,42.65,24.261
3329,42.6,0.433
3330,41.96,8.972
3331,42.11,0.0
3332,46.12,1.798
3333,42.31,4.747
3334,42.45,30.006
3335,44.58,24.951
3336,40.25,18.779
3337,41.85,17.961
3338,42.12,93.148
3339,42.71,0.0
3340,41.53,7.888
3341,43.51,1.11
3342,41.71,9.465
3343,41.66,0.0
3344,42.47,1.125
3345,41.44,0.0
3346,42.02,79.804
3347,43.94,0.0
3348,43.85,1.595
3349,42.26,0.0
3350,43.58,30.569
3351,41.98,0.0
3352,43.67,10.196
3353,41.45,12.105
3354,41.73,45.986
3355,42.16,21.359
3356,42.06,112.86
3357,39.08,0.0
3358,42.41,23.165
3359,40.1,35.223
3360,42.67,14.112
3361,41.78,18.06
3362,43.11,17.344
3363,41.45,72.497
3364,41.78,22.704
3365,43.66,24.12
3366,43.24,25.926
3367,43.03,24.074
3368,43.09,10.292
3369,41.89,0.0
3370,42.03,17.339
3371,,0.0
3372,42.81,0.0
3373,41.27,0.0
3374,44.54,3.934
3375,42.23,0.774
3376,38.8,5.294
3377,38.87,1.111
3378,42.69,0.0
3379,40.13,0.0
3380,43.69,20.374
3381,42.83,0.0
3382,43.06,6.588
3383,42.6,14.275
3384,,5.351
3385,,0.0
3386,44.63,8.807
3387,41.33,20.81
3388,39.76,11.359
3389,40.55,7.285
3390,40.58,0.0
3391,42.51,7.074
3392,43.5,12.069
3393,42.59,0.0
3394,42.71,53.725
3395,41.23,8.905
3396,41.62,31.484
3397,42.14,57.214
3398,42.5,16.214
3399,41.78,0.0
3400,41.11,41.17
3401,42.2,28.164
3402,43.05,112.421
3403,43.15,34.979
3404,42.29,0.0
3405,42.06,0.0
3406,41.34,17.927
3407,42.73,0.0
3408,42.29,9.977
3409,41.05,8.429
3410,41.79,36.906
3411,,0.0
3412,41.7,38.058
3413,42.6,9.764
3414,42.57,0.0
3415,42.71,49.04
3416,42.72,17.161
3417,42.05,7.212
3418,41.99,47.256
3419,43.46,0.184
3420,,46.719
3421,41.96,73.019
3422,42.44,60.838
3423,41.54,152.404
3425,42.78,0.0
3426,41.19,0.0
3427,42.82,0.0
3428,41.61,112.969
3429,42.59,0.0
3430,43.22,0.0
3431,43.19,0.0
3432,42.68,0.0
3433,43.02,8.9
3434,42.03,0.0
3435,42.97,95.808
3436,41.54,22.738
3437,38.5,7.266
3438,42.48,0.149
3439,42.02,12.23
3440,41.6,10.236
3441,42.75,60.082
3442,42.15,15.119
3443,42.33,37.072
3444,44.46,67.331
3445,42.04,108.272
3446,42.87,0.0
3447,43.31,10.049
3448,43.55,15.969
3449,42.83,0.0
3450,43.27,3.701
3451,42.77,0.0
3452,43.2,40.681
3453,41.98,4.695
3454,41.42,12.002
3455,43.75,10.984
3456,41.61,14.738
3457,41.17,0.0
3458,41.22,3.443
3459,41.86,8.549
3460,41.75,0.853
3461,43.14,0.0
3462,40.62,11.567
3463,38.47,0.0
3464,43.29,51.928
3465,39.43,12.604
3466,41.2,6.328
3467,43.09,19.167
3468,42.18,12.237
3469,43.07,15.234
3470,41.66,10.78
3471,40.68,0.065
3472,42.24,22.02
3473,41.74,17.061
3474,42.39,47.769
3475,42.2,0.0
3476,41.87,25.202
3477,42.42,11.48
3478,41.33,14.12
3479,42.01,7.206
3480,42.38,19.901
3481,42.28,17.317
3482,41.71,18.067
3483,42.05,25.012
3484,42.1,7.508
3485,41.99,28.441
3486,42.76,28.891
3487,41.38,0.322
3488,42.52,0.0
3489,39.2,8.983
3490,43.43,61.315
3491,41.53,0.0
3492,42.15,100.009
3493,41.92,4.481
3494,40.65,63.833
3495,41.78,0.646
3496,42.3,8.297
3497,42.58,17.402
3498,42.02,31.735
3499,36.8,0.0
3500,42.85,37.783
3501,41.88,2.316
3502,,0.0
3503,41.82,111.771
3504,42.94,0.0
3505,40.18,0.173
3506,42.0,17.997
3507,40.18,91.282
3508,39.09,0.0
3509,42.01,34.021
3510,41.37,0.0
3511,41.81,0.0
3512,41.75,13.693
3513,41.05,111.232
3514,42.14,112.497
3515,41.75,0.0
3516,40.94,13.78
3517,40.59,0.0
3518,40.12,0.0
3519,41.09,7.262
3520,40.78,0.0
3521,40.86,26.713
3522,40.52,22.504
3523,42.46,12.619
3524,40.9,7.754
3525,40.47,8.306
3526,41.98,25.15
3527,41.09,139.727
3528,45.48,6.39
3529,43.4,0.0
3530,41.51,44.155
3531,42.3,16.713
3532,41.69,9.591
3533,43.77,80.625
3534,41.69,17.182
3535,40.43,3.855
3536,42.02,20.682
3537,41.39,0.0
3538,39.59,0.0
3539,41.51,18.894
3540,38.93,3.071
3541,42.79,0.0
3542,41.99,1.27
3543,42.74,12.517
3544,42.92,11.265
3545,41.92,0.0
3546,42.03,2.115
3547,42.66,14.413
3548,42.47,17.257
3549,42.61,7.185
3550,39.64,47.022
3551,41.46,21.455
3552,42.9,11.563
3553,41.74,7.09
3554,39.52,0.0
3555,39.89,5.411
3556,42.08,77.157
3557,39.92,1.587
3558,41.65,14.493
3559,42.22,25.07
3560,40.43,6.939
3561,41.07,9.065
3562,44.98,39.625
3563,42.05,0.0
3564,39.89,2.185
3565,38.95,0.0
3566,43.21,0.0
3567,42.33,20.476
3568,41.61,20.116
3569,41.23,0.0
3570,40.54,0.0
3571,39.59,0.0
3572,43.32,5.589
3573,42.26,92.98
3574,42.14,104.458
3575,42.89,6.934
3576,42.54,18.612
3577,41.1,3.406
3578,44.25,3.948
3579,42.78,12.598
3580,42.62,4.115
3581,42.72,0.0
3582,41.5,1.091
3583,46.6,0.0
3584,42.84,21.743
3585,42.58,15.437
3586,42.34,20.062
3587,41.57,23.803
3588,44.1,21.428
3589,38.72,6.0
3590,40.65,0.0
3591,42.16,0.0
3592,43.4,65.739
3593,41.77,0.615
3594,42.89,0.0
3595,41.75,23.668
3596,45.01,0.0
3597,41.16,19.996
3598,40.37,30.657
3599,41.74,114.625
3600,41.41,2.665
3601,42.24,2.103
3602,44.43,17.529
3603,43.38,0.0
3604,42.45,37.193
3605,39.48,4.836
3606,39.47,104.808
3607,40.22,7.838
3608,38.95,0.0
3609,42.94,0.0
3610,42.9,0.0
3611,41.72,3.906
3612,42.23,11.861
3613,41.7,28.643
3614,41.73,3.202
3615,42.07,9.606
3616,43.69,71.742
3617,41.96,7.093
3618,42.49,116.567
3619,41.69,8.251
3620,44.16,1.656
3621,40.37,9.043
3622,43.43,9.541
3623,41.86,0.609
3624,39.94,3.062
3625,41.9,23.797
3626,41.23,10.867
3627,42.51,0.0
3628,43.6,88.354
3629,43.75,114.872
3630,42.02,7.254
3631,43.64,68.255
3632,41.69,2.327
3633,40.72,28.431
3634,40.72,4.151
3635,41.92,0.0
3636,41.94,2.23
3637,41.16,84.942
3638,41.18,1.938
3639,39.05,17.275
3640,41.02,15.271
3641,41.34,0.0
3642,42.84,5.726
3643,42.21,17.586
3644,42.62,64.916
3645,40.88,0.184
3646,40.78,5.682
3647,41.18,15.049
3648,41.62,8.409
3649,42.36,9.511
3650,40.32,17.187
3651,41.33,9.384
3652,41.97,85.147
3653,41.55,7.146
3654,42.31,33.868
3655,40.59,16.076
3656,39.16,0.448
3657,41.59,68.277
3658,40.65,8.879
3659,42.42,11.397
3660,39.52,0.923
3661,41.84,0.419
3662,42.78,2.966
3663,40.53,3.489
3664,38.37,1.865
3665,40.87,80.889
3666,39.71,1.199
3667,38.78,0.0
3668,41.03,33.6
3669,42.75,0.0
3670,40.55,6.445
3671,39.92,9.643
3672,38.94,5.01
3673,42.92,0.0
3674,40.41,13.008
3675,41.3,4.516
3676,39.04,89.67
3677,39.67,0.672
3678,40.29,10.69
3679,37.65,0.0
3680,37.74,0.727
3681,40.79,10.014
3682,39.3,2.131
3683,39.67,1.026
3684,39.62,3.233
3685,37.6,102.655
3686,37.79,0.857
3687,38.52,11.223
3688,37.52,9.768
3689,42.51,0.0
3690,,91.184
3691,42.22,0.0
3692,40.42,9.359
3693,41.57,0.0
3694,41.57,113.142
3695,40.27,0.0
3696,41.2,111.434
3697,42.63,0.0
3698,41.31,13.097
3699,37.5,1.241
3700,40.04,2.937
3701,40.8,1.218
3702,42.91,3.035
3703,42.32,0.936
3704,42.26,102.251
3705,42.29,0.0
3706,41.81,0.269
3707,42.45,64.628
3708,41.62,107.284
3709,40.43,0.0
3710,39.34,0.83
3711,40.18,3.549
3712,45.84,40.647
3713,39.22,4.517
3714,40.1,7.432
3715,39.65,0.0
3716,40.59,84.979
3717,44.36,23.173
3718,40.75,33.483
3719,43.32,1.937
3720,38.17,0.0
3721,41.45,67.203
3722,41.99,0.0
3723,40.69,8.702
3724,40.5,8.008
3725,42.31,19.643
3726,39.66,3.844
3727,40.53,0.0
3728,37.82,4.157
3729,40.93,15.226
3730,36.08,0.748
3731,38.2,0.0
3732,39.22,0.089
3733,33.46,35.817
3734,40.15,12.379
3735,36.67,5.939
3736,37.33,34.329
3737,37.01,0.0
3738,40.29,0.0
3739,39.71,9.286
3740,37.37,0.359
3741,37.25,0.0
3742,37.02,0.0
3743,39.06,96.294
3744,38.97,0.0
3745,38.97,0.0
3746,31.36,0.762
3747,39.78,4.256
3748,40.63,11.59
3749,41.69,98.054
3750,,72.572
3751,40.55,8.271
3752,42.16,1.121
3753,,121.953
3754,42.65,64.056
3755,37.4,9.246
3756,37.12,100.403
3757,37.03,0.0
3758,38.5,2.368
3759,37.78,0.0
3760,42.57,16.515
3761,42.61,0.0
3762,43.42,9.292
3763,42.73,25.511
3764,40.67,0.0
3765,30.31,0.185
3766,32.64,38.312
3767,34.08,29.917
3768,41.74,57.344
3769,40.43,77.858
3770,40.68,134.623
3771,39.68,0.0
3772,42.08,0.0
3773,41.0,49.844
3774,39.95,6.507
3775,43.04,86.777
3776,42.0,8.574
3777,42.96,91.206
3778,43.29,72.466
3779,37.96,13.417
3780,41.76,90.992
3781,41.08,109.557
3782,43.72,36.69
3783,43.5,15.555
3784,43.53,0.174
3785,41.12,21.871
3786,42.63,113.279
3787,43.66,128.409
3788,43.26,6.627
3789,41.39,71.547
3790,42.35,0.0
3791,39.39,5.228
3792,41.81,97.898
3793,41.45,86.782
3794,42.32,86.039
3795,42.01,127.551
3796,42.0,22.338
3797,41.31,67.872
3798,40.89,44.938
3799,41.39,45.655
3800,42.33,124.784
3801,38.36,0.0
3802,43.41,92.383
3803,42.08,61.647
3804,42.72,68.524
3805,43.05,0.0
3806,41.78,91.352
3807,41.89,75.93
3808,39.65,0.0
3809,42.25,107.096
3810,39.01,0.0
3811,39.54,0.0
3812,39.62,11.745
3813,41.0,126.771
3814,42.37,75.033
3815,46.89,143.484
3816,42.4,53.421
3817,39.4,97.141
3818,40.52,88.151
3819,41.82,86.527
3820,44.03,1.352
3821,42.88,2.186
3822,41.33,4.848
3823,40.84,12.915
3824,40.42,70.452
3825,40.21,3.8
3826,38.79,4.523
3827,37.38,2.468
3828,38.65,1.739
3829,39.31,3.631
3830,36.98,8.029
3831,37.42,0.0
3832,39.8,5.615
3833,,0.0
3834,44.69,3.746
3835,39.34,6.36
3836,40.92,0.0
